,se.exposure,beta.exposure,pos.exposure,pval.exposure,samplesize.exposure,chr.exposure,id.exposure,SNP,effect_allele.exposure,other_allele.exposure,eaf.exposure,exposure,mr_keep.exposure,pval_origin.exposure,data_source.exposure,pve
2,0.000545077,-0.00807328,44012206,1.20E-49,462933,2,ukb-b-6235,rs28473566,A,G,0.162942,Operation code: cholecystectomy/gall bladder removal || id:ukb-b-6235,TRUE,reported,igd,0.000473653
6,0.000432966,-0.00298897,211540507,5.10E-12,462933,2,ukb-b-6235,rs1047891,A,C,0.31577,Operation code: cholecystectomy/gall bladder removal || id:ukb-b-6235,TRUE,reported,igd,0.000102937
8,0.00081167,0.0437351,44066247,1.00E-200,462933,2,ukb-b-6235,rs11887534,C,G,0.065897,Operation code: cholecystectomy/gall bladder removal || id:ukb-b-6235,TRUE,reported,igd,0.00623258
10,0.000442489,-0.00260726,149112810,3.80E-09,462933,3,ukb-b-6235,rs10935751,T,C,0.704247,Operation code: cholecystectomy/gall bladder removal || id:ukb-b-6235,TRUE,reported,igd,7.50E-05
14,0.000659635,-0.00386255,105432994,4.80E-09,462933,6,ukb-b-6235,rs1201467,C,G,0.104519,Operation code: cholecystectomy/gall bladder removal || id:ukb-b-6235,TRUE,reported,igd,7.41E-05
15,0.000468469,0.00322341,6461534,6.00E-12,462933,7,ukb-b-6235,rs2288153,T,C,0.245156,Operation code: cholecystectomy/gall bladder removal || id:ukb-b-6235,TRUE,reported,igd,0.00010226
16,0.00058076,-0.00699834,87130350,1.90E-33,462933,7,ukb-b-6235,rs7802555,C,A,0.140645,Operation code: cholecystectomy/gall bladder removal || id:ukb-b-6235,TRUE,reported,igd,0.000313576
17,0.000487863,-0.00455288,107473153,1.00E-20,462933,7,ukb-b-6235,rs714583,A,T,0.230102,Operation code: cholecystectomy/gall bladder removal || id:ukb-b-6235,TRUE,reported,igd,0.000188095
18,0.00124326,0.00688489,535398,3.10E-08,462933,7,ukb-b-6235,rs146652454,T,C,0.031145,Operation code: cholecystectomy/gall bladder removal || id:ukb-b-6235,TRUE,reported,igd,6.62E-05
19,0.000617956,0.00384144,11711473,5.10E-10,462933,8,ukb-b-6235,rs1293297,C,G,0.124744,Operation code: cholecystectomy/gall bladder removal || id:ukb-b-6235,TRUE,reported,igd,8.35E-05
20,0.000443593,0.00254323,120295405,9.90E-09,462933,8,ukb-b-6235,rs2470048,T,C,0.708173,Operation code: cholecystectomy/gall bladder removal || id:ukb-b-6235,TRUE,reported,igd,7.10E-05
22,0.000579016,0.00587732,15304782,3.30E-24,462933,9,ukb-b-6235,rs686030,A,C,0.858629,Operation code: cholecystectomy/gall bladder removal || id:ukb-b-6235,TRUE,reported,igd,0.000222517
23,0.000471996,0.00504576,45988597,1.10E-26,462933,10,ukb-b-6235,rs10900221,A,G,0.239554,Operation code: cholecystectomy/gall bladder removal || id:ukb-b-6235,TRUE,reported,igd,0.000246803
24,0.000403961,0.00351558,65140440,3.20E-18,462933,10,ukb-b-6235,rs2393969,C,A,0.471447,Operation code: cholecystectomy/gall bladder removal || id:ukb-b-6235,TRUE,reported,igd,0.000163578
25,0.000630029,0.00370364,61603237,4.10E-09,462933,11,ukb-b-6235,rs2727270,T,C,0.115949,Operation code: cholecystectomy/gall bladder removal || id:ukb-b-6235,TRUE,reported,igd,7.46E-05
26,0.000677205,0.0048098,69833580,1.20E-12,462933,11,ukb-b-6235,rs72931779,G,C,0.098516,Operation code: cholecystectomy/gall bladder removal || id:ukb-b-6235,TRUE,reported,igd,0.000108955
27,0.000461777,0.00324635,72538600,2.10E-12,462933,11,ukb-b-6235,rs3862794,C,T,0.256545,Operation code: cholecystectomy/gall bladder removal || id:ukb-b-6235,TRUE,reported,igd,0.000106748
28,0.000415402,0.00391613,121424406,4.20E-21,462933,12,ukb-b-6235,rs2393776,A,G,0.62005,Operation code: cholecystectomy/gall bladder removal || id:ukb-b-6235,TRUE,reported,igd,0.000191944
29,0.0013758,0.00765139,103866575,2.70E-08,462933,13,ukb-b-6235,rs932784,A,T,0.022017,Operation code: cholecystectomy/gall bladder removal || id:ukb-b-6235,TRUE,reported,igd,6.68E-05
31,0.000712895,-0.00475118,90347920,2.70E-11,462933,15,ukb-b-6235,rs41276920,A,G,0.087572,Operation code: cholecystectomy/gall bladder removal || id:ukb-b-6235,TRUE,reported,igd,9.59E-05
32,0.00133659,0.00787365,57640005,3.80E-09,462933,15,ukb-b-6235,rs76818081,A,G,0.028962,Operation code: cholecystectomy/gall bladder removal || id:ukb-b-6235,TRUE,reported,igd,7.50E-05
33,0.00127035,0.00716499,43726625,1.70E-08,462933,15,ukb-b-6235,rs150844304,C,A,0.025812,Operation code: cholecystectomy/gall bladder removal || id:ukb-b-6235,TRUE,reported,igd,6.87E-05
34,0.000439513,0.00292198,11645013,3.00E-11,462933,16,ukb-b-6235,rs11644920,T,A,0.312722,Operation code: cholecystectomy/gall bladder removal || id:ukb-b-6235,TRUE,reported,igd,9.55E-05
35,0.000601776,0.00392828,36073320,6.70E-11,462933,17,ukb-b-6235,rs17138478,A,C,0.128841,Operation code: cholecystectomy/gall bladder removal || id:ukb-b-6235,TRUE,reported,igd,9.20E-05
36,0.00117099,0.00699071,64210580,2.40E-09,462933,17,ukb-b-6235,rs1801689,C,A,0.030526,Operation code: cholecystectomy/gall bladder removal || id:ukb-b-6235,TRUE,reported,igd,7.70E-05
37,0.000612942,-0.00364162,55313997,2.80E-09,462933,18,ukb-b-6235,rs11543269,T,C,0.123685,Operation code: cholecystectomy/gall bladder removal || id:ukb-b-6235,TRUE,reported,igd,7.62E-05
38,0.000544219,-0.00699745,48389002,7.80E-38,462933,19,ukb-b-6235,rs212099,A,T,0.165284,Operation code: cholecystectomy/gall bladder removal || id:ukb-b-6235,TRUE,reported,igd,0.000356992
40,0.000612676,0.00526068,46390605,9.00E-18,462933,19,ukb-b-6235,rs8112972,A,G,0.123537,Operation code: cholecystectomy/gall bladder removal || id:ukb-b-6235,TRUE,reported,igd,0.000159234
41,0.00041777,-0.00300267,36045403,6.60E-13,462933,19,ukb-b-6235,rs2733737,C,T,0.625019,Operation code: cholecystectomy/gall bladder removal || id:ukb-b-6235,TRUE,reported,igd,0.000111577
42,0.000455341,0.00296907,5840619,7.00E-11,462933,19,ukb-b-6235,rs708686,T,C,0.2696,Operation code: cholecystectomy/gall bladder removal || id:ukb-b-6235,TRUE,reported,igd,9.18E-05
43,0.00116294,0.0124243,43042364,1.20E-26,462933,20,ukb-b-6235,rs1800961,T,C,0.030964,Operation code: cholecystectomy/gall bladder removal || id:ukb-b-6235,TRUE,reported,igd,0.000246493
44,0.000413114,-0.00227203,12959094,3.80E-08,462933,20,ukb-b-6235,rs4814175,T,A,0.607496,Operation code: cholecystectomy/gall bladder removal || id:ukb-b-6235,TRUE,reported,igd,6.53E-05
45,0.00042447,0.00234799,40720704,3.20E-08,462933,22,ukb-b-6235,rs41281265,G,A,0.349041,Operation code: cholecystectomy/gall bladder removal || id:ukb-b-6235,TRUE,reported,igd,6.61E-05
